{
  "id": "a08883ab-c716-4769-8a43-cef1955012d5",
  "name": "groupable",
  "isOverridable": true,
  "entries": [
    {
      "value": "physician",
      "synonyms": [
        "physician"
      ]
    },
    {
      "value": "hospital",
      "synonyms": [
        "hospital"
      ]
    },
    {
      "value": "indication",
      "synonyms": [
        "indication"
      ]
    },
    {
      "value": "procedure billing code",
      "synonyms": [
        "procedure billing code",
        "billing code"
      ]
    },
    {
      "value": "scar pattern",
      "synonyms": [
        "scar pattern",
        "scar presence"
      ]
    },
    {
      "value": "patients",
      "synonyms": [
        "patients"
      ]
    },
    {
      "value": "gender",
      "synonyms": [
        "gender"
      ]
    }
  ],
  "isEnum": false,
  "automatedExpansion": false
}