{
  "id": "0e6ae42d-c894-4185-a897-16d6fd6bd4d4",
  "name": "2D plot",
  "auto": true,
  "contexts": [],
  "userSays": [
    {
      "id": "36dc9ca1-1878-4891-a801-3e0e404ea2a2",
      "data": [
        {
          "text": "display a "
        },
        {
          "text": "scatter",
          "alias": "plot-type",
          "meta": "@plot-type",
          "userDefined": true
        },
        {
          "text": " plot of "
        },
        {
          "text": "age",
          "alias": "x",
          "meta": "@col",
          "userDefined": true
        },
        {
          "text": " vs "
        },
        {
          "text": "LVEF",
          "alias": "y",
          "meta": "@col",
          "userDefined": true
        }
      ],
      "isTemplate": false,
      "count": 0
    },
    {
      "id": "2e9efad0-0377-4d0d-9feb-040705248dca",
      "data": [
        {
          "text": "plot "
        },
        {
          "text": "patient",
          "alias": "row",
          "meta": "@row",
          "userDefined": true
        },
        {
          "text": " "
        },
        {
          "text": "height",
          "alias": "x",
          "meta": "@col",
          "userDefined": true
        },
        {
          "text": " vs "
        },
        {
          "text": "mass",
          "alias": "y",
          "meta": "@col",
          "userDefined": true
        }
      ],
      "isTemplate": false,
      "count": 0
    },
    {
      "id": "f53f2780-df40-446f-b277-99f11a2a363c",
      "data": [
        {
          "text": "scatter",
          "alias": "plot-type",
          "meta": "@plot-type",
          "userDefined": true
        },
        {
          "text": " plot "
        },
        {
          "text": "LVEDV",
          "alias": "x",
          "meta": "@col",
          "userDefined": true
        },
        {
          "text": " vs "
        },
        {
          "text": "LV Mass",
          "alias": "y",
          "meta": "@col",
          "userDefined": true
        },
        {
          "text": " for all "
        },
        {
          "text": "patients",
          "alias": "row",
          "meta": "@row",
          "userDefined": true
        },
        {
          "text": " with "
        },
        {
          "text": "HCM",
          "alias": "filter",
          "meta": "@filter",
          "userDefined": true
        }
      ],
      "isTemplate": false,
      "count": 0
    },
    {
      "id": "d07b8170-a939-4e54-bc6f-f8b70544aa24",
      "data": [
        {
          "text": "plot "
        },
        {
          "text": "average",
          "alias": "aggregation-op",
          "meta": "@aggregation-op",
          "userDefined": false
        },
        {
          "text": " "
        },
        {
          "text": "profit margin",
          "alias": "aggregable",
          "meta": "@aggregable",
          "userDefined": false
        },
        {
          "text": " per "
        },
        {
          "text": "hospital",
          "alias": "groupable",
          "meta": "@groupable",
          "userDefined": false
        },
        {
          "text": " in a "
        },
        {
          "text": "bar",
          "alias": "plot-type",
          "meta": "@plot-type",
          "userDefined": true
        },
        {
          "text": " chart"
        }
      ],
      "isTemplate": false,
      "count": 0
    },
    {
      "id": "a7956bb7-8b20-4d91-a55c-e6e3ec611aaa",
      "data": [
        {
          "text": "create "
        },
        {
          "text": "marked line",
          "alias": "plot-type",
          "meta": "@plot-type",
          "userDefined": false
        },
        {
          "text": " plot"
        }
      ],
      "isTemplate": false,
      "count": 0
    },
    {
      "id": "7f4f3264-ecbf-4a55-bf6a-369f0c469bc4",
      "data": [
        {
          "text": "display "
        },
        {
          "text": "pie chart",
          "alias": "plot-type",
          "meta": "@plot-type",
          "userDefined": false
        }
      ],
      "isTemplate": false,
      "count": 0
    },
    {
      "id": "00fdec6b-f313-4b2f-a7ec-4f9d99604a23",
      "data": [
        {
          "text": "show "
        },
        {
          "text": "exploded pie chart",
          "alias": "plot-type",
          "meta": "@plot-type",
          "userDefined": false
        }
      ],
      "isTemplate": false,
      "count": 0
    },
    {
      "id": "dafd7a95-01ec-4284-b01d-3d7b7566ab6e",
      "data": [
        {
          "text": "bar plot",
          "alias": "plot-type",
          "meta": "@plot-type",
          "userDefined": false
        },
        {
          "text": " "
        },
        {
          "text": "LVEDV,",
          "alias": "col",
          "meta": "@col",
          "userDefined": true
        },
        {
          "text": " "
        },
        {
          "text": "LVESV,",
          "alias": "col1",
          "meta": "@col",
          "userDefined": true
        },
        {
          "text": " "
        },
        {
          "text": "LVSV",
          "alias": "col2",
          "meta": "@col",
          "userDefined": true
        }
      ],
      "isTemplate": false,
      "count": 0
    },
    {
      "id": "baf8db45-2fae-4294-a03e-6922a7f24701",
      "data": [
        {
          "text": "line",
          "alias": "plot-type",
          "meta": "@plot-type",
          "userDefined": false
        },
        {
          "text": " plot "
        },
        {
          "text": "height",
          "alias": "col",
          "meta": "@col",
          "userDefined": true
        },
        {
          "text": " and "
        },
        {
          "text": "mass",
          "alias": "col1",
          "meta": "@col",
          "userDefined": true
        },
        {
          "text": " over "
        },
        {
          "text": "age",
          "alias": "x",
          "meta": "@col",
          "userDefined": true
        }
      ],
      "isTemplate": false,
      "count": 0
    },
    {
      "id": "88a6be9d-529f-418a-96a1-540cfced9f32",
      "data": [
        {
          "text": "scatter plot",
          "alias": "plot-type",
          "meta": "@plot-type",
          "userDefined": false
        },
        {
          "text": " "
        },
        {
          "text": "LVSV",
          "alias": "col",
          "meta": "@col",
          "userDefined": true
        },
        {
          "text": " vs "
        },
        {
          "text": "LV mass",
          "alias": "col1",
          "meta": "@col",
          "userDefined": true
        }
      ],
      "isTemplate": false,
      "count": 0
    }
  ],
  "responses": [
    {
      "resetContexts": false,
      "affectedContexts": [],
      "parameters": [
        {
          "dataType": "@col",
          "name": "x",
          "value": "$x"
        },
        {
          "dataType": "@col",
          "name": "y",
          "value": "$y"
        },
        {
          "required": false,
          "dataType": "@plot-type",
          "name": "plot-type",
          "value": "$plot-type",
          "prompts": [
            "What type of plot would you like?"
          ]
        },
        {
          "dataType": "@row",
          "name": "row",
          "value": "$row"
        },
        {
          "dataType": "@filter",
          "name": "filter",
          "value": "$filter"
        },
        {
          "dataType": "@aggregation-op",
          "name": "aggregation-op",
          "value": "$aggregation-op"
        },
        {
          "dataType": "@aggregable",
          "name": "aggregable",
          "value": "$aggregable"
        },
        {
          "dataType": "@groupable",
          "name": "groupable",
          "value": "$groupable"
        },
        {
          "dataType": "@col",
          "name": "col",
          "value": "$col"
        },
        {
          "dataType": "@col",
          "name": "col1",
          "value": "$col1"
        },
        {
          "dataType": "@col",
          "name": "col2",
          "value": "$col2"
        }
      ],
      "speech": "[handlePlotData]"
    }
  ],
  "state": "LEARNED",
  "priority": 500000,
  "webhookUsed": false,
  "fallbackIntent": false
}