{
  "id": "0e6ae42d-c894-4185-a897-16d6fd6bd4d4",
  "name": "2D plot",
  "auto": true,
  "contexts": [],
  "userSays": [
    {
      "id": "4f4362c4-c0b9-4a95-a3fc-78d14ac58992",
      "data": [
        {
          "text": "display a "
        },
        {
          "text": "scatter",
          "alias": "plot-type",
          "meta": "@plot-type",
          "userDefined": true
        },
        {
          "text": " plot of "
        },
        {
          "text": "age",
          "alias": "x",
          "meta": "@col",
          "userDefined": true
        },
        {
          "text": " vs "
        },
        {
          "text": "LVEF",
          "alias": "y",
          "meta": "@col",
          "userDefined": true
        }
      ],
      "isTemplate": false,
      "count": 0
    },
    {
      "id": "6a10f8be-11f9-4f66-b22e-0c589241a679",
      "data": [
        {
          "text": "plot "
        },
        {
          "text": "patient",
          "alias": "row",
          "meta": "@row",
          "userDefined": true
        },
        {
          "text": " "
        },
        {
          "text": "height",
          "alias": "x",
          "meta": "@col",
          "userDefined": true
        },
        {
          "text": " vs "
        },
        {
          "text": "mass",
          "alias": "y",
          "meta": "@col",
          "userDefined": true
        }
      ],
      "isTemplate": false,
      "count": 0
    },
    {
      "id": "7585fe34-7c36-42ae-8a9b-149ef3b184e8",
      "data": [
        {
          "text": "scatter",
          "alias": "plot-type",
          "meta": "@plot-type",
          "userDefined": true
        },
        {
          "text": " plot "
        },
        {
          "text": "LVEDV",
          "alias": "x",
          "meta": "@col",
          "userDefined": true
        },
        {
          "text": " vs "
        },
        {
          "text": "LV Mass",
          "alias": "y",
          "meta": "@col",
          "userDefined": true
        },
        {
          "text": " for all "
        },
        {
          "text": "patients",
          "alias": "row",
          "meta": "@row",
          "userDefined": true
        },
        {
          "text": " with "
        },
        {
          "text": "HCM",
          "alias": "filter",
          "meta": "@filter",
          "userDefined": true
        }
      ],
      "isTemplate": false,
      "count": 0
    },
    {
      "id": "2f884f41-1e3d-4422-8796-3c25ae0c4ff7",
      "data": [
        {
          "text": "plot "
        },
        {
          "text": "average",
          "alias": "aggregation-op",
          "meta": "@aggregation-op",
          "userDefined": false
        },
        {
          "text": " "
        },
        {
          "text": "profit margin",
          "alias": "aggregable",
          "meta": "@aggregable",
          "userDefined": false
        },
        {
          "text": " per "
        },
        {
          "text": "hospital",
          "alias": "groupable",
          "meta": "@groupable",
          "userDefined": false
        },
        {
          "text": " in a "
        },
        {
          "text": "bar",
          "alias": "plot-type",
          "meta": "@plot-type",
          "userDefined": true
        },
        {
          "text": " chart"
        }
      ],
      "isTemplate": false,
      "count": 0
    },
    {
      "id": "4d284a2c-329c-42c1-b237-9cbcbe5771f9",
      "data": [
        {
          "text": "create "
        },
        {
          "text": "marked line",
          "alias": "plot-type",
          "meta": "@plot-type",
          "userDefined": false
        },
        {
          "text": " plot"
        }
      ],
      "isTemplate": false,
      "count": 0
    },
    {
      "id": "d07502b0-2175-4326-a2f8-858c070647a7",
      "data": [
        {
          "text": "display "
        },
        {
          "text": "pie chart",
          "alias": "plot-type",
          "meta": "@plot-type",
          "userDefined": false
        }
      ],
      "isTemplate": false,
      "count": 0
    },
    {
      "id": "bc70992a-43c2-43ac-90f4-778e7c7546b3",
      "data": [
        {
          "text": "show "
        },
        {
          "text": "exploded pie chart",
          "alias": "plot-type",
          "meta": "@plot-type",
          "userDefined": false
        }
      ],
      "isTemplate": false,
      "count": 0
    },
    {
      "id": "6ec2ec9c-1c4e-4ad5-9490-87b0957d507d",
      "data": [
        {
          "text": "bar plot",
          "alias": "plot-type",
          "meta": "@plot-type",
          "userDefined": false
        },
        {
          "text": " "
        },
        {
          "text": "LVEDV,",
          "alias": "col",
          "meta": "@col",
          "userDefined": true
        },
        {
          "text": " "
        },
        {
          "text": "LVESV,",
          "alias": "col1",
          "meta": "@col",
          "userDefined": true
        },
        {
          "text": " "
        },
        {
          "text": "LVSV",
          "alias": "col2",
          "meta": "@col",
          "userDefined": true
        }
      ],
      "isTemplate": false,
      "count": 0
    },
    {
      "id": "d5932725-7715-4b50-abdb-3a5009f98727",
      "data": [
        {
          "text": "line",
          "alias": "plot-type",
          "meta": "@plot-type",
          "userDefined": false
        },
        {
          "text": " plot "
        },
        {
          "text": "height",
          "alias": "col",
          "meta": "@col",
          "userDefined": true
        },
        {
          "text": " and "
        },
        {
          "text": "mass",
          "alias": "col1",
          "meta": "@col",
          "userDefined": true
        },
        {
          "text": " over "
        },
        {
          "text": "age",
          "alias": "x",
          "meta": "@col",
          "userDefined": true
        }
      ],
      "isTemplate": false,
      "count": 0
    }
  ],
  "responses": [
    {
      "resetContexts": false,
      "affectedContexts": [],
      "parameters": [
        {
          "dataType": "@col",
          "name": "x",
          "value": "$x"
        },
        {
          "dataType": "@col",
          "name": "y",
          "value": "$y"
        },
        {
          "required": false,
          "dataType": "@plot-type",
          "name": "plot-type",
          "value": "$plot-type",
          "prompts": [
            "What type of plot would you like?"
          ]
        },
        {
          "dataType": "@row",
          "name": "row",
          "value": "$row"
        },
        {
          "dataType": "@filter",
          "name": "filter",
          "value": "$filter"
        },
        {
          "dataType": "@aggregation-op",
          "name": "aggregation-op",
          "value": "$aggregation-op"
        },
        {
          "dataType": "@aggregable",
          "name": "aggregable",
          "value": "$aggregable"
        },
        {
          "dataType": "@groupable",
          "name": "groupable",
          "value": "$groupable"
        },
        {
          "dataType": "@col",
          "name": "col",
          "value": "$col"
        },
        {
          "dataType": "@col",
          "name": "col1",
          "value": "$col1"
        },
        {
          "dataType": "@col",
          "name": "col2",
          "value": "$col2"
        }
      ],
      "speech": "[handlePlotData]"
    }
  ],
  "state": "LEARNED",
  "priority": 500000,
  "webhookUsed": false,
  "fallbackIntent": false
}