{
  "id": "a1a13e91-800a-48af-8e7b-17fe9e50f8b2",
  "name": "Get an Acronym Definition",
  "auto": true,
  "contexts": [],
  "userSays": [
    {
      "id": "f3cc8fbf-fc21-4fac-90ad-22f5c45a6e83",
      "data": [
        {
          "text": "What does "
        },
        {
          "text": "EDV",
          "alias": "acronym",
          "meta": "@cardiology-acronym",
          "userDefined": true
        },
        {
          "text": " stand for?"
        }
      ],
      "isTemplate": false,
      "count": 0
    },
    {
      "id": "714ffb15-3d8d-44b3-a810-e60b1c69f23f",
      "data": [
        {
          "text": "What does "
        },
        {
          "text": "SV",
          "alias": "acronym",
          "meta": "@cardiology-acronym",
          "userDefined": true
        },
        {
          "text": " mean?"
        }
      ],
      "isTemplate": false,
      "count": 0
    },
    {
      "id": "495ae8bf-23ee-4fcf-9071-f071de2bd8a6",
      "data": [
        {
          "text": "ESV",
          "alias": "acronym",
          "meta": "@cardiology-acronym",
          "userDefined": true
        },
        {
          "text": " definition?"
        }
      ],
      "isTemplate": false,
      "count": 0
    },
    {
      "id": "7223906e-64bc-4566-ac77-1a30ca93f74b",
      "data": [
        {
          "text": "EF",
          "alias": "acronym",
          "meta": "@cardiology-acronym",
          "userDefined": true
        },
        {
          "text": " means?"
        }
      ],
      "isTemplate": false,
      "count": 0
    },
    {
      "id": "16c48136-4ab5-4127-904a-15e8fcdf0739",
      "data": [
        {
          "text": "Define "
        },
        {
          "text": "Mass",
          "alias": "acronym",
          "meta": "@cardiology-acronym",
          "userDefined": true
        }
      ],
      "isTemplate": false,
      "count": 0
    }
  ],
  "responses": [
    {
      "resetContexts": false,
      "action": "lookupAcronym",
      "affectedContexts": [],
      "parameters": [
        {
          "dataType": "@cardiology-acronym",
          "name": "acronym",
          "value": "$acronym"
        }
      ],
      "speech": "`$acronym` stands for: [lookupAcronym]"
    }
  ],
  "state": "LEARNED",
  "priority": 500000,
  "webhookUsed": false,
  "fallbackIntent": false
}