{
  "id": "a1a13e91-800a-48af-8e7b-17fe9e50f8b2",
  "name": "Get an Acronym Definition",
  "auto": true,
  "contexts": [],
  "userSays": [
    {
      "id": "f143a614-bc14-4e63-92be-f052303547a9",
      "data": [
        {
          "text": "What does "
        },
        {
          "text": "EDV",
          "alias": "acronym",
          "meta": "@cardiology-acronym",
          "userDefined": true
        },
        {
          "text": " stand for?"
        }
      ],
      "isTemplate": false,
      "count": 0
    },
    {
      "id": "d463e316-390d-4cf2-b8cf-985f6135e2a0",
      "data": [
        {
          "text": "What does "
        },
        {
          "text": "SV",
          "alias": "acronym",
          "meta": "@cardiology-acronym",
          "userDefined": true
        },
        {
          "text": " mean?"
        }
      ],
      "isTemplate": false,
      "count": 0
    },
    {
      "id": "26c052b8-1d78-45a6-a2c0-fa6c65050477",
      "data": [
        {
          "text": "ESV",
          "alias": "acronym",
          "meta": "@cardiology-acronym",
          "userDefined": true
        },
        {
          "text": " definition?"
        }
      ],
      "isTemplate": false,
      "count": 0
    },
    {
      "id": "349db915-480a-4852-b686-5b748096598a",
      "data": [
        {
          "text": "EF",
          "alias": "acronym",
          "meta": "@cardiology-acronym",
          "userDefined": true
        },
        {
          "text": " means?"
        }
      ],
      "isTemplate": false,
      "count": 0
    },
    {
      "id": "f645abf0-e692-4072-a1af-bd9a3fd831fc",
      "data": [
        {
          "text": "Define "
        },
        {
          "text": "Mass",
          "alias": "acronym",
          "meta": "@cardiology-acronym",
          "userDefined": true
        }
      ],
      "isTemplate": false,
      "count": 0
    }
  ],
  "responses": [
    {
      "resetContexts": false,
      "action": "lookupAcronym",
      "affectedContexts": [],
      "parameters": [
        {
          "dataType": "@cardiology-acronym",
          "name": "acronym",
          "value": "$acronym"
        }
      ],
      "speech": "`$acronym` stands for: [lookupAcronym]"
    }
  ],
  "state": "LEARNED",
  "priority": 500000,
  "webhookUsed": false,
  "fallbackIntent": false
}